question_id,dataset,question,question_type,gt_answer,correct_label,n_classes,option_letters,option_A,option_B,option_C,option_D,option_E,option_F,option_G,option_H,option_I,option_J,initial_response,followup_response,initial_letter,followup_letter,changed_answer,initial_correct,followup_correct,error,processing_time
retinamnist_0000,Retinamnist,What type of retinal condition is shown in this fundus image?,Classification,2,C,5,"A,B,C,D,E",0,1,2,3,4,N/A,N/A,N/A,N/A,N/A,D,D,D,D,False,False,False,,0.2
retinamnist_0001,Retinamnist,What type of retinal condition is shown in this fundus image?,Classification,1,B,5,"A,B,C,D,E",0,1,2,3,4,N/A,N/A,N/A,N/A,N/A,D,D,D,D,False,False,False,,0.2
retinamnist_0002,Retinamnist,What type of retinal condition is shown in this fundus image?,Classification,0,A,5,"A,B,C,D,E",0,1,2,3,4,N/A,N/A,N/A,N/A,N/A,E,A,E,A,True,False,True,,0.2
retinamnist_0003,Retinamnist,What type of retinal condition is shown in this fundus image?,Classification,0,A,5,"A,B,C,D,E",0,1,2,3,4,N/A,N/A,N/A,N/A,N/A,E,D,E,D,True,False,False,,0.2
retinamnist_0004,Retinamnist,What type of retinal condition is shown in this fundus image?,Classification,0,A,5,"A,B,C,D,E",0,1,2,3,4,N/A,N/A,N/A,N/A,N/A,B,D,B,D,True,False,False,,0.2
retinamnist_0005,Retinamnist,What type of retinal condition is shown in this fundus image?,Classification,0,A,5,"A,B,C,D,E",0,1,2,3,4,N/A,N/A,N/A,N/A,N/A,D,E,D,E,True,False,False,,0.2
retinamnist_0007,Retinamnist,What type of retinal condition is shown in this fundus image?,Classification,2,C,5,"A,B,C,D,E",0,1,2,3,4,N/A,N/A,N/A,N/A,N/A,B,B,B,B,False,False,False,,0.2
retinamnist_0006,Retinamnist,What type of retinal condition is shown in this fundus image?,Classification,2,C,5,"A,B,C,D,E",0,1,2,3,4,N/A,N/A,N/A,N/A,N/A,E,B,E,B,True,False,False,,0.2
retinamnist_0008,Retinamnist,What type of retinal condition is shown in this fundus image?,Classification,0,A,5,"A,B,C,D,E",0,1,2,3,4,N/A,N/A,N/A,N/A,N/A,E,D,E,D,True,False,False,,0.2
retinamnist_0012,Retinamnist,What type of retinal condition is shown in this fundus image?,Classification,0,A,5,"A,B,C,D,E",0,1,2,3,4,N/A,N/A,N/A,N/A,N/A,A,A,A,A,False,True,True,,0.2
retinamnist_0010,Retinamnist,What type of retinal condition is shown in this fundus image?,Classification,2,C,5,"A,B,C,D,E",0,1,2,3,4,N/A,N/A,N/A,N/A,N/A,D,D,D,D,False,False,False,,0.2
retinamnist_0009,Retinamnist,What type of retinal condition is shown in this fundus image?,Classification,3,D,5,"A,B,C,D,E",0,1,2,3,4,N/A,N/A,N/A,N/A,N/A,C,A,C,A,True,False,False,,0.2
retinamnist_0014,Retinamnist,What type of retinal condition is shown in this fundus image?,Classification,0,A,5,"A,B,C,D,E",0,1,2,3,4,N/A,N/A,N/A,N/A,N/A,E,A,E,A,True,False,True,,0.2
retinamnist_0011,Retinamnist,What type of retinal condition is shown in this fundus image?,Classification,2,C,5,"A,B,C,D,E",0,1,2,3,4,N/A,N/A,N/A,N/A,N/A,E,C,E,C,True,False,True,,0.2
retinamnist_0013,Retinamnist,What type of retinal condition is shown in this fundus image?,Classification,3,D,5,"A,B,C,D,E",0,1,2,3,4,N/A,N/A,N/A,N/A,N/A,C,D,C,D,True,False,True,,0.2
retinamnist_0015,Retinamnist,What type of retinal condition is shown in this fundus image?,Classification,0,A,5,"A,B,C,D,E",0,1,2,3,4,N/A,N/A,N/A,N/A,N/A,A,D,A,D,True,True,False,,0.2
retinamnist_0017,Retinamnist,What type of retinal condition is shown in this fundus image?,Classification,2,C,5,"A,B,C,D,E",0,1,2,3,4,N/A,N/A,N/A,N/A,N/A,E,A,E,A,True,False,False,,0.2
retinamnist_0016,Retinamnist,What type of retinal condition is shown in this fundus image?,Classification,0,A,5,"A,B,C,D,E",0,1,2,3,4,N/A,N/A,N/A,N/A,N/A,D,E,D,E,True,False,False,,0.2
retinamnist_0020,Retinamnist,What type of retinal condition is shown in this fundus image?,Classification,0,A,5,"A,B,C,D,E",0,1,2,3,4,N/A,N/A,N/A,N/A,N/A,D,C,D,C,True,False,False,,0.2
retinamnist_0019,Retinamnist,What type of retinal condition is shown in this fundus image?,Classification,0,A,5,"A,B,C,D,E",0,1,2,3,4,N/A,N/A,N/A,N/A,N/A,E,C,E,C,True,False,False,,0.2
retinamnist_0022,Retinamnist,What type of retinal condition is shown in this fundus image?,Classification,0,A,5,"A,B,C,D,E",0,1,2,3,4,N/A,N/A,N/A,N/A,N/A,A,D,A,D,True,True,False,,0.2
retinamnist_0021,Retinamnist,What type of retinal condition is shown in this fundus image?,Classification,0,A,5,"A,B,C,D,E",0,1,2,3,4,N/A,N/A,N/A,N/A,N/A,C,B,C,B,True,False,False,,0.2
retinamnist_0023,Retinamnist,What type of retinal condition is shown in this fundus image?,Classification,0,A,5,"A,B,C,D,E",0,1,2,3,4,N/A,N/A,N/A,N/A,N/A,B,D,B,D,True,False,False,,0.2
retinamnist_0018,Retinamnist,What type of retinal condition is shown in this fundus image?,Classification,4,E,5,"A,B,C,D,E",0,1,2,3,4,N/A,N/A,N/A,N/A,N/A,E,A,E,A,True,True,False,,0.2
retinamnist_0024,Retinamnist,What type of retinal condition is shown in this fundus image?,Classification,2,C,5,"A,B,C,D,E",0,1,2,3,4,N/A,N/A,N/A,N/A,N/A,D,D,D,D,False,False,False,,0.2
retinamnist_0025,Retinamnist,What type of retinal condition is shown in this fundus image?,Classification,0,A,5,"A,B,C,D,E",0,1,2,3,4,N/A,N/A,N/A,N/A,N/A,B,D,B,D,True,False,False,,0.2
retinamnist_0026,Retinamnist,What type of retinal condition is shown in this fundus image?,Classification,0,A,5,"A,B,C,D,E",0,1,2,3,4,N/A,N/A,N/A,N/A,N/A,E,C,E,C,True,False,False,,0.2
retinamnist_0027,Retinamnist,What type of retinal condition is shown in this fundus image?,Classification,3,D,5,"A,B,C,D,E",0,1,2,3,4,N/A,N/A,N/A,N/A,N/A,E,A,E,A,True,False,False,,0.2
retinamnist_0029,Retinamnist,What type of retinal condition is shown in this fundus image?,Classification,3,D,5,"A,B,C,D,E",0,1,2,3,4,N/A,N/A,N/A,N/A,N/A,D,C,D,C,True,True,False,,0.2
retinamnist_0031,Retinamnist,What type of retinal condition is shown in this fundus image?,Classification,0,A,5,"A,B,C,D,E",0,1,2,3,4,N/A,N/A,N/A,N/A,N/A,B,E,B,E,True,False,False,,0.2
retinamnist_0028,Retinamnist,What type of retinal condition is shown in this fundus image?,Classification,0,A,5,"A,B,C,D,E",0,1,2,3,4,N/A,N/A,N/A,N/A,N/A,A,E,A,E,True,True,False,,0.2
retinamnist_0030,Retinamnist,What type of retinal condition is shown in this fundus image?,Classification,0,A,5,"A,B,C,D,E",0,1,2,3,4,N/A,N/A,N/A,N/A,N/A,A,B,A,B,True,True,False,,0.2
retinamnist_0032,Retinamnist,What type of retinal condition is shown in this fundus image?,Classification,3,D,5,"A,B,C,D,E",0,1,2,3,4,N/A,N/A,N/A,N/A,N/A,C,A,C,A,True,False,False,,0.2
retinamnist_0034,Retinamnist,What type of retinal condition is shown in this fundus image?,Classification,0,A,5,"A,B,C,D,E",0,1,2,3,4,N/A,N/A,N/A,N/A,N/A,A,C,A,C,True,True,False,,0.2
retinamnist_0035,Retinamnist,What type of retinal condition is shown in this fundus image?,Classification,0,A,5,"A,B,C,D,E",0,1,2,3,4,N/A,N/A,N/A,N/A,N/A,B,C,B,C,True,False,False,,0.2
retinamnist_0033,Retinamnist,What type of retinal condition is shown in this fundus image?,Classification,1,B,5,"A,B,C,D,E",0,1,2,3,4,N/A,N/A,N/A,N/A,N/A,D,E,D,E,True,False,False,,0.2
retinamnist_0036,Retinamnist,What type of retinal condition is shown in this fundus image?,Classification,0,A,5,"A,B,C,D,E",0,1,2,3,4,N/A,N/A,N/A,N/A,N/A,C,C,C,C,False,False,False,,0.2
retinamnist_0038,Retinamnist,What type of retinal condition is shown in this fundus image?,Classification,1,B,5,"A,B,C,D,E",0,1,2,3,4,N/A,N/A,N/A,N/A,N/A,A,D,A,D,True,False,False,,0.2
retinamnist_0037,Retinamnist,What type of retinal condition is shown in this fundus image?,Classification,3,D,5,"A,B,C,D,E",0,1,2,3,4,N/A,N/A,N/A,N/A,N/A,E,D,E,D,True,False,True,,0.2
retinamnist_0039,Retinamnist,What type of retinal condition is shown in this fundus image?,Classification,0,A,5,"A,B,C,D,E",0,1,2,3,4,N/A,N/A,N/A,N/A,N/A,D,B,D,B,True,False,False,,0.2
retinamnist_0040,Retinamnist,What type of retinal condition is shown in this fundus image?,Classification,1,B,5,"A,B,C,D,E",0,1,2,3,4,N/A,N/A,N/A,N/A,N/A,A,E,A,E,True,False,False,,0.2
retinamnist_0041,Retinamnist,What type of retinal condition is shown in this fundus image?,Classification,0,A,5,"A,B,C,D,E",0,1,2,3,4,N/A,N/A,N/A,N/A,N/A,B,E,B,E,True,False,False,,0.2
retinamnist_0042,Retinamnist,What type of retinal condition is shown in this fundus image?,Classification,0,A,5,"A,B,C,D,E",0,1,2,3,4,N/A,N/A,N/A,N/A,N/A,C,C,C,C,False,False,False,,0.2
retinamnist_0043,Retinamnist,What type of retinal condition is shown in this fundus image?,Classification,0,A,5,"A,B,C,D,E",0,1,2,3,4,N/A,N/A,N/A,N/A,N/A,B,E,B,E,True,False,False,,0.2
retinamnist_0046,Retinamnist,What type of retinal condition is shown in this fundus image?,Classification,1,B,5,"A,B,C,D,E",0,1,2,3,4,N/A,N/A,N/A,N/A,N/A,A,A,A,A,False,False,False,,0.2
retinamnist_0044,Retinamnist,What type of retinal condition is shown in this fundus image?,Classification,3,D,5,"A,B,C,D,E",0,1,2,3,4,N/A,N/A,N/A,N/A,N/A,A,E,A,E,True,False,False,,0.2
retinamnist_0047,Retinamnist,What type of retinal condition is shown in this fundus image?,Classification,1,B,5,"A,B,C,D,E",0,1,2,3,4,N/A,N/A,N/A,N/A,N/A,E,B,E,B,True,False,True,,0.2
retinamnist_0045,Retinamnist,What type of retinal condition is shown in this fundus image?,Classification,3,D,5,"A,B,C,D,E",0,1,2,3,4,N/A,N/A,N/A,N/A,N/A,A,A,A,A,False,False,False,,0.2
retinamnist_0048,Retinamnist,What type of retinal condition is shown in this fundus image?,Classification,1,B,5,"A,B,C,D,E",0,1,2,3,4,N/A,N/A,N/A,N/A,N/A,A,A,A,A,False,False,False,,0.2
retinamnist_0049,Retinamnist,What type of retinal condition is shown in this fundus image?,Classification,0,A,5,"A,B,C,D,E",0,1,2,3,4,N/A,N/A,N/A,N/A,N/A,C,A,C,A,True,False,True,,0.2
retinamnist_0050,Retinamnist,What type of retinal condition is shown in this fundus image?,Classification,0,A,5,"A,B,C,D,E",0,1,2,3,4,N/A,N/A,N/A,N/A,N/A,D,C,D,C,True,False,False,,0.2
retinamnist_0051,Retinamnist,What type of retinal condition is shown in this fundus image?,Classification,3,D,5,"A,B,C,D,E",0,1,2,3,4,N/A,N/A,N/A,N/A,N/A,E,B,E,B,True,False,False,,0.2
retinamnist_0052,Retinamnist,What type of retinal condition is shown in this fundus image?,Classification,3,D,5,"A,B,C,D,E",0,1,2,3,4,N/A,N/A,N/A,N/A,N/A,D,B,D,B,True,True,False,,0.2
retinamnist_0054,Retinamnist,What type of retinal condition is shown in this fundus image?,Classification,1,B,5,"A,B,C,D,E",0,1,2,3,4,N/A,N/A,N/A,N/A,N/A,D,B,D,B,True,False,True,,0.2
retinamnist_0053,Retinamnist,What type of retinal condition is shown in this fundus image?,Classification,0,A,5,"A,B,C,D,E",0,1,2,3,4,N/A,N/A,N/A,N/A,N/A,A,A,A,A,False,True,True,,0.2
retinamnist_0055,Retinamnist,What type of retinal condition is shown in this fundus image?,Classification,1,B,5,"A,B,C,D,E",0,1,2,3,4,N/A,N/A,N/A,N/A,N/A,B,D,B,D,True,True,False,,0.2
retinamnist_0056,Retinamnist,What type of retinal condition is shown in this fundus image?,Classification,2,C,5,"A,B,C,D,E",0,1,2,3,4,N/A,N/A,N/A,N/A,N/A,E,C,E,C,True,False,True,,0.2
retinamnist_0057,Retinamnist,What type of retinal condition is shown in this fundus image?,Classification,0,A,5,"A,B,C,D,E",0,1,2,3,4,N/A,N/A,N/A,N/A,N/A,C,C,C,C,False,False,False,,0.2
retinamnist_0058,Retinamnist,What type of retinal condition is shown in this fundus image?,Classification,0,A,5,"A,B,C,D,E",0,1,2,3,4,N/A,N/A,N/A,N/A,N/A,C,C,C,C,False,False,False,,0.2
retinamnist_0059,Retinamnist,What type of retinal condition is shown in this fundus image?,Classification,1,B,5,"A,B,C,D,E",0,1,2,3,4,N/A,N/A,N/A,N/A,N/A,B,D,B,D,True,True,False,,0.2
retinamnist_0060,Retinamnist,What type of retinal condition is shown in this fundus image?,Classification,0,A,5,"A,B,C,D,E",0,1,2,3,4,N/A,N/A,N/A,N/A,N/A,B,B,B,B,False,False,False,,0.2
retinamnist_0062,Retinamnist,What type of retinal condition is shown in this fundus image?,Classification,4,E,5,"A,B,C,D,E",0,1,2,3,4,N/A,N/A,N/A,N/A,N/A,A,B,A,B,True,False,False,,0.2
retinamnist_0061,Retinamnist,What type of retinal condition is shown in this fundus image?,Classification,0,A,5,"A,B,C,D,E",0,1,2,3,4,N/A,N/A,N/A,N/A,N/A,E,C,E,C,True,False,False,,0.2
retinamnist_0063,Retinamnist,What type of retinal condition is shown in this fundus image?,Classification,0,A,5,"A,B,C,D,E",0,1,2,3,4,N/A,N/A,N/A,N/A,N/A,D,B,D,B,True,False,False,,0.2
retinamnist_0065,Retinamnist,What type of retinal condition is shown in this fundus image?,Classification,2,C,5,"A,B,C,D,E",0,1,2,3,4,N/A,N/A,N/A,N/A,N/A,B,E,B,E,True,False,False,,0.2
retinamnist_0066,Retinamnist,What type of retinal condition is shown in this fundus image?,Classification,0,A,5,"A,B,C,D,E",0,1,2,3,4,N/A,N/A,N/A,N/A,N/A,D,A,D,A,True,False,True,,0.2
retinamnist_0064,Retinamnist,What type of retinal condition is shown in this fundus image?,Classification,2,C,5,"A,B,C,D,E",0,1,2,3,4,N/A,N/A,N/A,N/A,N/A,A,D,A,D,True,False,False,,0.2
retinamnist_0067,Retinamnist,What type of retinal condition is shown in this fundus image?,Classification,1,B,5,"A,B,C,D,E",0,1,2,3,4,N/A,N/A,N/A,N/A,N/A,C,D,C,D,True,False,False,,0.2
retinamnist_0069,Retinamnist,What type of retinal condition is shown in this fundus image?,Classification,3,D,5,"A,B,C,D,E",0,1,2,3,4,N/A,N/A,N/A,N/A,N/A,C,C,C,C,False,False,False,,0.2
retinamnist_0068,Retinamnist,What type of retinal condition is shown in this fundus image?,Classification,0,A,5,"A,B,C,D,E",0,1,2,3,4,N/A,N/A,N/A,N/A,N/A,C,D,C,D,True,False,False,,0.2
retinamnist_0070,Retinamnist,What type of retinal condition is shown in this fundus image?,Classification,0,A,5,"A,B,C,D,E",0,1,2,3,4,N/A,N/A,N/A,N/A,N/A,D,E,D,E,True,False,False,,0.2
retinamnist_0071,Retinamnist,What type of retinal condition is shown in this fundus image?,Classification,1,B,5,"A,B,C,D,E",0,1,2,3,4,N/A,N/A,N/A,N/A,N/A,C,D,C,D,True,False,False,,0.2
retinamnist_0072,Retinamnist,What type of retinal condition is shown in this fundus image?,Classification,0,A,5,"A,B,C,D,E",0,1,2,3,4,N/A,N/A,N/A,N/A,N/A,D,B,D,B,True,False,False,,0.2
retinamnist_0073,Retinamnist,What type of retinal condition is shown in this fundus image?,Classification,2,C,5,"A,B,C,D,E",0,1,2,3,4,N/A,N/A,N/A,N/A,N/A,A,B,A,B,True,False,False,,0.2
retinamnist_0075,Retinamnist,What type of retinal condition is shown in this fundus image?,Classification,1,B,5,"A,B,C,D,E",0,1,2,3,4,N/A,N/A,N/A,N/A,N/A,B,C,B,C,True,True,False,,0.2
retinamnist_0074,Retinamnist,What type of retinal condition is shown in this fundus image?,Classification,3,D,5,"A,B,C,D,E",0,1,2,3,4,N/A,N/A,N/A,N/A,N/A,D,B,D,B,True,True,False,,0.2
retinamnist_0076,Retinamnist,What type of retinal condition is shown in this fundus image?,Classification,4,E,5,"A,B,C,D,E",0,1,2,3,4,N/A,N/A,N/A,N/A,N/A,C,E,C,E,True,False,True,,0.2
retinamnist_0077,Retinamnist,What type of retinal condition is shown in this fundus image?,Classification,3,D,5,"A,B,C,D,E",0,1,2,3,4,N/A,N/A,N/A,N/A,N/A,B,D,B,D,True,False,True,,0.2
retinamnist_0078,Retinamnist,What type of retinal condition is shown in this fundus image?,Classification,0,A,5,"A,B,C,D,E",0,1,2,3,4,N/A,N/A,N/A,N/A,N/A,A,D,A,D,True,True,False,,0.2
retinamnist_0079,Retinamnist,What type of retinal condition is shown in this fundus image?,Classification,0,A,5,"A,B,C,D,E",0,1,2,3,4,N/A,N/A,N/A,N/A,N/A,C,A,C,A,True,False,True,,0.2
retinamnist_0080,Retinamnist,What type of retinal condition is shown in this fundus image?,Classification,2,C,5,"A,B,C,D,E",0,1,2,3,4,N/A,N/A,N/A,N/A,N/A,D,C,D,C,True,False,True,,0.2
retinamnist_0081,Retinamnist,What type of retinal condition is shown in this fundus image?,Classification,0,A,5,"A,B,C,D,E",0,1,2,3,4,N/A,N/A,N/A,N/A,N/A,C,E,C,E,True,False,False,,0.2
retinamnist_0083,Retinamnist,What type of retinal condition is shown in this fundus image?,Classification,4,E,5,"A,B,C,D,E",0,1,2,3,4,N/A,N/A,N/A,N/A,N/A,A,D,A,D,True,False,False,,0.2
retinamnist_0082,Retinamnist,What type of retinal condition is shown in this fundus image?,Classification,0,A,5,"A,B,C,D,E",0,1,2,3,4,N/A,N/A,N/A,N/A,N/A,C,D,C,D,True,False,False,,0.2
retinamnist_0086,Retinamnist,What type of retinal condition is shown in this fundus image?,Classification,0,A,5,"A,B,C,D,E",0,1,2,3,4,N/A,N/A,N/A,N/A,N/A,B,E,B,E,True,False,False,,0.2
retinamnist_0085,Retinamnist,What type of retinal condition is shown in this fundus image?,Classification,0,A,5,"A,B,C,D,E",0,1,2,3,4,N/A,N/A,N/A,N/A,N/A,B,B,B,B,False,False,False,,0.2
retinamnist_0084,Retinamnist,What type of retinal condition is shown in this fundus image?,Classification,3,D,5,"A,B,C,D,E",0,1,2,3,4,N/A,N/A,N/A,N/A,N/A,E,D,E,D,True,False,True,,0.2
retinamnist_0087,Retinamnist,What type of retinal condition is shown in this fundus image?,Classification,1,B,5,"A,B,C,D,E",0,1,2,3,4,N/A,N/A,N/A,N/A,N/A,C,C,C,C,False,False,False,,0.2
retinamnist_0088,Retinamnist,What type of retinal condition is shown in this fundus image?,Classification,3,D,5,"A,B,C,D,E",0,1,2,3,4,N/A,N/A,N/A,N/A,N/A,D,E,D,E,True,True,False,,0.2
retinamnist_0089,Retinamnist,What type of retinal condition is shown in this fundus image?,Classification,0,A,5,"A,B,C,D,E",0,1,2,3,4,N/A,N/A,N/A,N/A,N/A,C,E,C,E,True,False,False,,0.2
retinamnist_0091,Retinamnist,What type of retinal condition is shown in this fundus image?,Classification,1,B,5,"A,B,C,D,E",0,1,2,3,4,N/A,N/A,N/A,N/A,N/A,E,C,E,C,True,False,False,,0.2
retinamnist_0093,Retinamnist,What type of retinal condition is shown in this fundus image?,Classification,2,C,5,"A,B,C,D,E",0,1,2,3,4,N/A,N/A,N/A,N/A,N/A,A,A,A,A,False,False,False,,0.2
retinamnist_0090,Retinamnist,What type of retinal condition is shown in this fundus image?,Classification,2,C,5,"A,B,C,D,E",0,1,2,3,4,N/A,N/A,N/A,N/A,N/A,B,C,B,C,True,False,True,,0.2
retinamnist_0095,Retinamnist,What type of retinal condition is shown in this fundus image?,Classification,4,E,5,"A,B,C,D,E",0,1,2,3,4,N/A,N/A,N/A,N/A,N/A,D,B,D,B,True,False,False,,0.2
retinamnist_0092,Retinamnist,What type of retinal condition is shown in this fundus image?,Classification,0,A,5,"A,B,C,D,E",0,1,2,3,4,N/A,N/A,N/A,N/A,N/A,E,A,E,A,True,False,True,,0.2
retinamnist_0094,Retinamnist,What type of retinal condition is shown in this fundus image?,Classification,3,D,5,"A,B,C,D,E",0,1,2,3,4,N/A,N/A,N/A,N/A,N/A,A,C,A,C,True,False,False,,0.2
retinamnist_0096,Retinamnist,What type of retinal condition is shown in this fundus image?,Classification,2,C,5,"A,B,C,D,E",0,1,2,3,4,N/A,N/A,N/A,N/A,N/A,E,D,E,D,True,False,False,,0.2
retinamnist_0097,Retinamnist,What type of retinal condition is shown in this fundus image?,Classification,1,B,5,"A,B,C,D,E",0,1,2,3,4,N/A,N/A,N/A,N/A,N/A,E,B,E,B,True,False,True,,0.2
retinamnist_0098,Retinamnist,What type of retinal condition is shown in this fundus image?,Classification,0,A,5,"A,B,C,D,E",0,1,2,3,4,N/A,N/A,N/A,N/A,N/A,C,D,C,D,True,False,False,,0.2
retinamnist_0099,Retinamnist,What type of retinal condition is shown in this fundus image?,Classification,0,A,5,"A,B,C,D,E",0,1,2,3,4,N/A,N/A,N/A,N/A,N/A,B,C,B,C,True,False,False,,0.2
retinamnist_0100,Retinamnist,What type of retinal condition is shown in this fundus image?,Classification,0,A,5,"A,B,C,D,E",0,1,2,3,4,N/A,N/A,N/A,N/A,N/A,E,E,E,E,False,False,False,,0.2
retinamnist_0101,Retinamnist,What type of retinal condition is shown in this fundus image?,Classification,3,D,5,"A,B,C,D,E",0,1,2,3,4,N/A,N/A,N/A,N/A,N/A,A,E,A,E,True,False,False,,0.2
retinamnist_0102,Retinamnist,What type of retinal condition is shown in this fundus image?,Classification,0,A,5,"A,B,C,D,E",0,1,2,3,4,N/A,N/A,N/A,N/A,N/A,E,D,E,D,True,False,False,,0.2
retinamnist_0103,Retinamnist,What type of retinal condition is shown in this fundus image?,Classification,0,A,5,"A,B,C,D,E",0,1,2,3,4,N/A,N/A,N/A,N/A,N/A,A,E,A,E,True,True,False,,0.2
retinamnist_0104,Retinamnist,What type of retinal condition is shown in this fundus image?,Classification,0,A,5,"A,B,C,D,E",0,1,2,3,4,N/A,N/A,N/A,N/A,N/A,A,C,A,C,True,True,False,,0.2
retinamnist_0105,Retinamnist,What type of retinal condition is shown in this fundus image?,Classification,4,E,5,"A,B,C,D,E",0,1,2,3,4,N/A,N/A,N/A,N/A,N/A,D,C,D,C,True,False,False,,0.2
retinamnist_0106,Retinamnist,What type of retinal condition is shown in this fundus image?,Classification,0,A,5,"A,B,C,D,E",0,1,2,3,4,N/A,N/A,N/A,N/A,N/A,A,D,A,D,True,True,False,,0.2
retinamnist_0107,Retinamnist,What type of retinal condition is shown in this fundus image?,Classification,0,A,5,"A,B,C,D,E",0,1,2,3,4,N/A,N/A,N/A,N/A,N/A,B,B,B,B,False,False,False,,0.2
retinamnist_0110,Retinamnist,What type of retinal condition is shown in this fundus image?,Classification,2,C,5,"A,B,C,D,E",0,1,2,3,4,N/A,N/A,N/A,N/A,N/A,D,C,D,C,True,False,True,,0.2
retinamnist_0109,Retinamnist,What type of retinal condition is shown in this fundus image?,Classification,0,A,5,"A,B,C,D,E",0,1,2,3,4,N/A,N/A,N/A,N/A,N/A,D,A,D,A,True,False,True,,0.2
retinamnist_0111,Retinamnist,What type of retinal condition is shown in this fundus image?,Classification,2,C,5,"A,B,C,D,E",0,1,2,3,4,N/A,N/A,N/A,N/A,N/A,D,C,D,C,True,False,True,,0.2
retinamnist_0108,Retinamnist,What type of retinal condition is shown in this fundus image?,Classification,3,D,5,"A,B,C,D,E",0,1,2,3,4,N/A,N/A,N/A,N/A,N/A,C,E,C,E,True,False,False,,0.2
retinamnist_0112,Retinamnist,What type of retinal condition is shown in this fundus image?,Classification,0,A,5,"A,B,C,D,E",0,1,2,3,4,N/A,N/A,N/A,N/A,N/A,B,A,B,A,True,False,True,,0.2
retinamnist_0113,Retinamnist,What type of retinal condition is shown in this fundus image?,Classification,2,C,5,"A,B,C,D,E",0,1,2,3,4,N/A,N/A,N/A,N/A,N/A,D,A,D,A,True,False,False,,0.2
retinamnist_0114,Retinamnist,What type of retinal condition is shown in this fundus image?,Classification,0,A,5,"A,B,C,D,E",0,1,2,3,4,N/A,N/A,N/A,N/A,N/A,A,D,A,D,True,True,False,,0.2
retinamnist_0115,Retinamnist,What type of retinal condition is shown in this fundus image?,Classification,0,A,5,"A,B,C,D,E",0,1,2,3,4,N/A,N/A,N/A,N/A,N/A,C,D,C,D,True,False,False,,0.2
retinamnist_0116,Retinamnist,What type of retinal condition is shown in this fundus image?,Classification,2,C,5,"A,B,C,D,E",0,1,2,3,4,N/A,N/A,N/A,N/A,N/A,B,A,B,A,True,False,False,,0.2
retinamnist_0117,Retinamnist,What type of retinal condition is shown in this fundus image?,Classification,1,B,5,"A,B,C,D,E",0,1,2,3,4,N/A,N/A,N/A,N/A,N/A,E,A,E,A,True,False,False,,0.2
retinamnist_0118,Retinamnist,What type of retinal condition is shown in this fundus image?,Classification,3,D,5,"A,B,C,D,E",0,1,2,3,4,N/A,N/A,N/A,N/A,N/A,B,E,B,E,True,False,False,,0.2
retinamnist_0119,Retinamnist,What type of retinal condition is shown in this fundus image?,Classification,2,C,5,"A,B,C,D,E",0,1,2,3,4,N/A,N/A,N/A,N/A,N/A,E,B,E,B,True,False,False,,0.2
retinamnist_0120,Retinamnist,What type of retinal condition is shown in this fundus image?,Classification,3,D,5,"A,B,C,D,E",0,1,2,3,4,N/A,N/A,N/A,N/A,N/A,A,D,A,D,True,False,True,,0.2
retinamnist_0121,Retinamnist,What type of retinal condition is shown in this fundus image?,Classification,2,C,5,"A,B,C,D,E",0,1,2,3,4,N/A,N/A,N/A,N/A,N/A,B,E,B,E,True,False,False,,0.2
retinamnist_0122,Retinamnist,What type of retinal condition is shown in this fundus image?,Classification,0,A,5,"A,B,C,D,E",0,1,2,3,4,N/A,N/A,N/A,N/A,N/A,C,E,C,E,True,False,False,,0.2
retinamnist_0123,Retinamnist,What type of retinal condition is shown in this fundus image?,Classification,0,A,5,"A,B,C,D,E",0,1,2,3,4,N/A,N/A,N/A,N/A,N/A,D,A,D,A,True,False,True,,0.2
retinamnist_0124,Retinamnist,What type of retinal condition is shown in this fundus image?,Classification,2,C,5,"A,B,C,D,E",0,1,2,3,4,N/A,N/A,N/A,N/A,N/A,A,C,A,C,True,False,True,,0.2
retinamnist_0125,Retinamnist,What type of retinal condition is shown in this fundus image?,Classification,2,C,5,"A,B,C,D,E",0,1,2,3,4,N/A,N/A,N/A,N/A,N/A,E,E,E,E,False,False,False,,0.2
retinamnist_0126,Retinamnist,What type of retinal condition is shown in this fundus image?,Classification,2,C,5,"A,B,C,D,E",0,1,2,3,4,N/A,N/A,N/A,N/A,N/A,C,A,C,A,True,True,False,,0.2
retinamnist_0127,Retinamnist,What type of retinal condition is shown in this fundus image?,Classification,2,C,5,"A,B,C,D,E",0,1,2,3,4,N/A,N/A,N/A,N/A,N/A,C,B,C,B,True,True,False,,0.2
retinamnist_0128,Retinamnist,What type of retinal condition is shown in this fundus image?,Classification,0,A,5,"A,B,C,D,E",0,1,2,3,4,N/A,N/A,N/A,N/A,N/A,D,D,D,D,False,False,False,,0.2
retinamnist_0129,Retinamnist,What type of retinal condition is shown in this fundus image?,Classification,0,A,5,"A,B,C,D,E",0,1,2,3,4,N/A,N/A,N/A,N/A,N/A,C,E,C,E,True,False,False,,0.2
retinamnist_0130,Retinamnist,What type of retinal condition is shown in this fundus image?,Classification,0,A,5,"A,B,C,D,E",0,1,2,3,4,N/A,N/A,N/A,N/A,N/A,A,C,A,C,True,True,False,,0.2
retinamnist_0131,Retinamnist,What type of retinal condition is shown in this fundus image?,Classification,0,A,5,"A,B,C,D,E",0,1,2,3,4,N/A,N/A,N/A,N/A,N/A,C,D,C,D,True,False,False,,0.2
retinamnist_0132,Retinamnist,What type of retinal condition is shown in this fundus image?,Classification,0,A,5,"A,B,C,D,E",0,1,2,3,4,N/A,N/A,N/A,N/A,N/A,B,D,B,D,True,False,False,,0.2
retinamnist_0133,Retinamnist,What type of retinal condition is shown in this fundus image?,Classification,1,B,5,"A,B,C,D,E",0,1,2,3,4,N/A,N/A,N/A,N/A,N/A,C,D,C,D,True,False,False,,0.2
retinamnist_0134,Retinamnist,What type of retinal condition is shown in this fundus image?,Classification,2,C,5,"A,B,C,D,E",0,1,2,3,4,N/A,N/A,N/A,N/A,N/A,D,E,D,E,True,False,False,,0.2
retinamnist_0135,Retinamnist,What type of retinal condition is shown in this fundus image?,Classification,0,A,5,"A,B,C,D,E",0,1,2,3,4,N/A,N/A,N/A,N/A,N/A,E,D,E,D,True,False,False,,0.2
retinamnist_0136,Retinamnist,What type of retinal condition is shown in this fundus image?,Classification,2,C,5,"A,B,C,D,E",0,1,2,3,4,N/A,N/A,N/A,N/A,N/A,D,D,D,D,False,False,False,,0.2
retinamnist_0137,Retinamnist,What type of retinal condition is shown in this fundus image?,Classification,0,A,5,"A,B,C,D,E",0,1,2,3,4,N/A,N/A,N/A,N/A,N/A,E,E,E,E,False,False,False,,0.2
retinamnist_0138,Retinamnist,What type of retinal condition is shown in this fundus image?,Classification,2,C,5,"A,B,C,D,E",0,1,2,3,4,N/A,N/A,N/A,N/A,N/A,E,C,E,C,True,False,True,,0.2
retinamnist_0139,Retinamnist,What type of retinal condition is shown in this fundus image?,Classification,0,A,5,"A,B,C,D,E",0,1,2,3,4,N/A,N/A,N/A,N/A,N/A,C,C,C,C,False,False,False,,0.2
retinamnist_0140,Retinamnist,What type of retinal condition is shown in this fundus image?,Classification,1,B,5,"A,B,C,D,E",0,1,2,3,4,N/A,N/A,N/A,N/A,N/A,B,C,B,C,True,True,False,,0.2
retinamnist_0141,Retinamnist,What type of retinal condition is shown in this fundus image?,Classification,0,A,5,"A,B,C,D,E",0,1,2,3,4,N/A,N/A,N/A,N/A,N/A,E,E,E,E,False,False,False,,0.2
retinamnist_0142,Retinamnist,What type of retinal condition is shown in this fundus image?,Classification,1,B,5,"A,B,C,D,E",0,1,2,3,4,N/A,N/A,N/A,N/A,N/A,A,E,A,E,True,False,False,,0.2
retinamnist_0143,Retinamnist,What type of retinal condition is shown in this fundus image?,Classification,2,C,5,"A,B,C,D,E",0,1,2,3,4,N/A,N/A,N/A,N/A,N/A,C,B,C,B,True,True,False,,0.2
retinamnist_0144,Retinamnist,What type of retinal condition is shown in this fundus image?,Classification,2,C,5,"A,B,C,D,E",0,1,2,3,4,N/A,N/A,N/A,N/A,N/A,A,E,A,E,True,False,False,,0.2
retinamnist_0145,Retinamnist,What type of retinal condition is shown in this fundus image?,Classification,1,B,5,"A,B,C,D,E",0,1,2,3,4,N/A,N/A,N/A,N/A,N/A,E,C,E,C,True,False,False,,0.2
retinamnist_0146,Retinamnist,What type of retinal condition is shown in this fundus image?,Classification,1,B,5,"A,B,C,D,E",0,1,2,3,4,N/A,N/A,N/A,N/A,N/A,C,A,C,A,True,False,False,,0.2
retinamnist_0147,Retinamnist,What type of retinal condition is shown in this fundus image?,Classification,0,A,5,"A,B,C,D,E",0,1,2,3,4,N/A,N/A,N/A,N/A,N/A,D,E,D,E,True,False,False,,0.2
retinamnist_0148,Retinamnist,What type of retinal condition is shown in this fundus image?,Classification,1,B,5,"A,B,C,D,E",0,1,2,3,4,N/A,N/A,N/A,N/A,N/A,E,C,E,C,True,False,False,,0.2
retinamnist_0149,Retinamnist,What type of retinal condition is shown in this fundus image?,Classification,0,A,5,"A,B,C,D,E",0,1,2,3,4,N/A,N/A,N/A,N/A,N/A,C,D,C,D,True,False,False,,0.2
retinamnist_0150,Retinamnist,What type of retinal condition is shown in this fundus image?,Classification,3,D,5,"A,B,C,D,E",0,1,2,3,4,N/A,N/A,N/A,N/A,N/A,B,E,B,E,True,False,False,,0.2
retinamnist_0151,Retinamnist,What type of retinal condition is shown in this fundus image?,Classification,0,A,5,"A,B,C,D,E",0,1,2,3,4,N/A,N/A,N/A,N/A,N/A,C,D,C,D,True,False,False,,0.2
retinamnist_0152,Retinamnist,What type of retinal condition is shown in this fundus image?,Classification,2,C,5,"A,B,C,D,E",0,1,2,3,4,N/A,N/A,N/A,N/A,N/A,D,A,D,A,True,False,False,,0.2
retinamnist_0153,Retinamnist,What type of retinal condition is shown in this fundus image?,Classification,0,A,5,"A,B,C,D,E",0,1,2,3,4,N/A,N/A,N/A,N/A,N/A,C,A,C,A,True,False,True,,0.2
retinamnist_0154,Retinamnist,What type of retinal condition is shown in this fundus image?,Classification,3,D,5,"A,B,C,D,E",0,1,2,3,4,N/A,N/A,N/A,N/A,N/A,A,D,A,D,True,False,True,,0.2
retinamnist_0155,Retinamnist,What type of retinal condition is shown in this fundus image?,Classification,0,A,5,"A,B,C,D,E",0,1,2,3,4,N/A,N/A,N/A,N/A,N/A,C,D,C,D,True,False,False,,0.2
retinamnist_0156,Retinamnist,What type of retinal condition is shown in this fundus image?,Classification,3,D,5,"A,B,C,D,E",0,1,2,3,4,N/A,N/A,N/A,N/A,N/A,B,C,B,C,True,False,False,,0.2
retinamnist_0157,Retinamnist,What type of retinal condition is shown in this fundus image?,Classification,0,A,5,"A,B,C,D,E",0,1,2,3,4,N/A,N/A,N/A,N/A,N/A,B,C,B,C,True,False,False,,0.2
retinamnist_0158,Retinamnist,What type of retinal condition is shown in this fundus image?,Classification,0,A,5,"A,B,C,D,E",0,1,2,3,4,N/A,N/A,N/A,N/A,N/A,A,D,A,D,True,True,False,,0.2
retinamnist_0159,Retinamnist,What type of retinal condition is shown in this fundus image?,Classification,0,A,5,"A,B,C,D,E",0,1,2,3,4,N/A,N/A,N/A,N/A,N/A,E,E,E,E,False,False,False,,0.2
retinamnist_0160,Retinamnist,What type of retinal condition is shown in this fundus image?,Classification,0,A,5,"A,B,C,D,E",0,1,2,3,4,N/A,N/A,N/A,N/A,N/A,C,A,C,A,True,False,True,,0.2
retinamnist_0161,Retinamnist,What type of retinal condition is shown in this fundus image?,Classification,0,A,5,"A,B,C,D,E",0,1,2,3,4,N/A,N/A,N/A,N/A,N/A,B,B,B,B,False,False,False,,0.2
retinamnist_0162,Retinamnist,What type of retinal condition is shown in this fundus image?,Classification,0,A,5,"A,B,C,D,E",0,1,2,3,4,N/A,N/A,N/A,N/A,N/A,D,E,D,E,True,False,False,,0.2
retinamnist_0163,Retinamnist,What type of retinal condition is shown in this fundus image?,Classification,3,D,5,"A,B,C,D,E",0,1,2,3,4,N/A,N/A,N/A,N/A,N/A,D,D,D,D,False,True,True,,0.2
retinamnist_0164,Retinamnist,What type of retinal condition is shown in this fundus image?,Classification,0,A,5,"A,B,C,D,E",0,1,2,3,4,N/A,N/A,N/A,N/A,N/A,C,A,C,A,True,False,True,,0.2
retinamnist_0165,Retinamnist,What type of retinal condition is shown in this fundus image?,Classification,4,E,5,"A,B,C,D,E",0,1,2,3,4,N/A,N/A,N/A,N/A,N/A,A,E,A,E,True,False,True,,0.2
retinamnist_0166,Retinamnist,What type of retinal condition is shown in this fundus image?,Classification,3,D,5,"A,B,C,D,E",0,1,2,3,4,N/A,N/A,N/A,N/A,N/A,C,E,C,E,True,False,False,,0.2
retinamnist_0167,Retinamnist,What type of retinal condition is shown in this fundus image?,Classification,2,C,5,"A,B,C,D,E",0,1,2,3,4,N/A,N/A,N/A,N/A,N/A,B,B,B,B,False,False,False,,0.2
retinamnist_0168,Retinamnist,What type of retinal condition is shown in this fundus image?,Classification,3,D,5,"A,B,C,D,E",0,1,2,3,4,N/A,N/A,N/A,N/A,N/A,A,B,A,B,True,False,False,,0.2
retinamnist_0169,Retinamnist,What type of retinal condition is shown in this fundus image?,Classification,1,B,5,"A,B,C,D,E",0,1,2,3,4,N/A,N/A,N/A,N/A,N/A,A,B,A,B,True,False,True,,0.2
retinamnist_0170,Retinamnist,What type of retinal condition is shown in this fundus image?,Classification,0,A,5,"A,B,C,D,E",0,1,2,3,4,N/A,N/A,N/A,N/A,N/A,C,C,C,C,False,False,False,,0.2
retinamnist_0171,Retinamnist,What type of retinal condition is shown in this fundus image?,Classification,0,A,5,"A,B,C,D,E",0,1,2,3,4,N/A,N/A,N/A,N/A,N/A,E,D,E,D,True,False,False,,0.2
retinamnist_0172,Retinamnist,What type of retinal condition is shown in this fundus image?,Classification,2,C,5,"A,B,C,D,E",0,1,2,3,4,N/A,N/A,N/A,N/A,N/A,B,B,B,B,False,False,False,,0.2
retinamnist_0173,Retinamnist,What type of retinal condition is shown in this fundus image?,Classification,2,C,5,"A,B,C,D,E",0,1,2,3,4,N/A,N/A,N/A,N/A,N/A,C,D,C,D,True,True,False,,0.2
retinamnist_0174,Retinamnist,What type of retinal condition is shown in this fundus image?,Classification,0,A,5,"A,B,C,D,E",0,1,2,3,4,N/A,N/A,N/A,N/A,N/A,E,B,E,B,True,False,False,,0.2
retinamnist_0175,Retinamnist,What type of retinal condition is shown in this fundus image?,Classification,2,C,5,"A,B,C,D,E",0,1,2,3,4,N/A,N/A,N/A,N/A,N/A,E,C,E,C,True,False,True,,0.2
retinamnist_0176,Retinamnist,What type of retinal condition is shown in this fundus image?,Classification,0,A,5,"A,B,C,D,E",0,1,2,3,4,N/A,N/A,N/A,N/A,N/A,D,B,D,B,True,False,False,,0.2
retinamnist_0177,Retinamnist,What type of retinal condition is shown in this fundus image?,Classification,1,B,5,"A,B,C,D,E",0,1,2,3,4,N/A,N/A,N/A,N/A,N/A,D,A,D,A,True,False,False,,0.2
retinamnist_0178,Retinamnist,What type of retinal condition is shown in this fundus image?,Classification,0,A,5,"A,B,C,D,E",0,1,2,3,4,N/A,N/A,N/A,N/A,N/A,B,B,B,B,False,False,False,,0.2
retinamnist_0180,Retinamnist,What type of retinal condition is shown in this fundus image?,Classification,0,A,5,"A,B,C,D,E",0,1,2,3,4,N/A,N/A,N/A,N/A,N/A,B,A,B,A,True,False,True,,0.2
retinamnist_0181,Retinamnist,What type of retinal condition is shown in this fundus image?,Classification,2,C,5,"A,B,C,D,E",0,1,2,3,4,N/A,N/A,N/A,N/A,N/A,B,E,B,E,True,False,False,,0.2
retinamnist_0179,Retinamnist,What type of retinal condition is shown in this fundus image?,Classification,0,A,5,"A,B,C,D,E",0,1,2,3,4,N/A,N/A,N/A,N/A,N/A,A,B,A,B,True,True,False,,0.2
retinamnist_0182,Retinamnist,What type of retinal condition is shown in this fundus image?,Classification,0,A,5,"A,B,C,D,E",0,1,2,3,4,N/A,N/A,N/A,N/A,N/A,E,A,E,A,True,False,True,,0.2
retinamnist_0183,Retinamnist,What type of retinal condition is shown in this fundus image?,Classification,0,A,5,"A,B,C,D,E",0,1,2,3,4,N/A,N/A,N/A,N/A,N/A,B,D,B,D,True,False,False,,0.2
retinamnist_0184,Retinamnist,What type of retinal condition is shown in this fundus image?,Classification,0,A,5,"A,B,C,D,E",0,1,2,3,4,N/A,N/A,N/A,N/A,N/A,D,C,D,C,True,False,False,,0.2
retinamnist_0185,Retinamnist,What type of retinal condition is shown in this fundus image?,Classification,3,D,5,"A,B,C,D,E",0,1,2,3,4,N/A,N/A,N/A,N/A,N/A,C,E,C,E,True,False,False,,0.2
retinamnist_0186,Retinamnist,What type of retinal condition is shown in this fundus image?,Classification,3,D,5,"A,B,C,D,E",0,1,2,3,4,N/A,N/A,N/A,N/A,N/A,A,A,A,A,False,False,False,,0.2
retinamnist_0187,Retinamnist,What type of retinal condition is shown in this fundus image?,Classification,2,C,5,"A,B,C,D,E",0,1,2,3,4,N/A,N/A,N/A,N/A,N/A,E,B,E,B,True,False,False,,0.2
retinamnist_0188,Retinamnist,What type of retinal condition is shown in this fundus image?,Classification,0,A,5,"A,B,C,D,E",0,1,2,3,4,N/A,N/A,N/A,N/A,N/A,D,D,D,D,False,False,False,,0.2
retinamnist_0190,Retinamnist,What type of retinal condition is shown in this fundus image?,Classification,3,D,5,"A,B,C,D,E",0,1,2,3,4,N/A,N/A,N/A,N/A,N/A,B,E,B,E,True,False,False,,0.2
retinamnist_0191,Retinamnist,What type of retinal condition is shown in this fundus image?,Classification,1,B,5,"A,B,C,D,E",0,1,2,3,4,N/A,N/A,N/A,N/A,N/A,D,A,D,A,True,False,False,,0.2
retinamnist_0189,Retinamnist,What type of retinal condition is shown in this fundus image?,Classification,2,C,5,"A,B,C,D,E",0,1,2,3,4,N/A,N/A,N/A,N/A,N/A,A,B,A,B,True,False,False,,0.2
retinamnist_0192,Retinamnist,What type of retinal condition is shown in this fundus image?,Classification,3,D,5,"A,B,C,D,E",0,1,2,3,4,N/A,N/A,N/A,N/A,N/A,E,A,E,A,True,False,False,,0.2
retinamnist_0193,Retinamnist,What type of retinal condition is shown in this fundus image?,Classification,0,A,5,"A,B,C,D,E",0,1,2,3,4,N/A,N/A,N/A,N/A,N/A,E,E,E,E,False,False,False,,0.2
retinamnist_0194,Retinamnist,What type of retinal condition is shown in this fundus image?,Classification,2,C,5,"A,B,C,D,E",0,1,2,3,4,N/A,N/A,N/A,N/A,N/A,A,C,A,C,True,False,True,,0.2
retinamnist_0195,Retinamnist,What type of retinal condition is shown in this fundus image?,Classification,4,E,5,"A,B,C,D,E",0,1,2,3,4,N/A,N/A,N/A,N/A,N/A,A,E,A,E,True,False,True,,0.2
retinamnist_0196,Retinamnist,What type of retinal condition is shown in this fundus image?,Classification,2,C,5,"A,B,C,D,E",0,1,2,3,4,N/A,N/A,N/A,N/A,N/A,E,C,E,C,True,False,True,,0.2
retinamnist_0198,Retinamnist,What type of retinal condition is shown in this fundus image?,Classification,0,A,5,"A,B,C,D,E",0,1,2,3,4,N/A,N/A,N/A,N/A,N/A,C,E,C,E,True,False,False,,0.2
retinamnist_0199,Retinamnist,What type of retinal condition is shown in this fundus image?,Classification,1,B,5,"A,B,C,D,E",0,1,2,3,4,N/A,N/A,N/A,N/A,N/A,A,D,A,D,True,False,False,,0.2
retinamnist_0197,Retinamnist,What type of retinal condition is shown in this fundus image?,Classification,3,D,5,"A,B,C,D,E",0,1,2,3,4,N/A,N/A,N/A,N/A,N/A,B,E,B,E,True,False,False,,0.2
retinamnist_0200,Retinamnist,What type of retinal condition is shown in this fundus image?,Classification,4,E,5,"A,B,C,D,E",0,1,2,3,4,N/A,N/A,N/A,N/A,N/A,D,C,D,C,True,False,False,,0.2
retinamnist_0201,Retinamnist,What type of retinal condition is shown in this fundus image?,Classification,0,A,5,"A,B,C,D,E",0,1,2,3,4,N/A,N/A,N/A,N/A,N/A,C,D,C,D,True,False,False,,0.2
retinamnist_0202,Retinamnist,What type of retinal condition is shown in this fundus image?,Classification,3,D,5,"A,B,C,D,E",0,1,2,3,4,N/A,N/A,N/A,N/A,N/A,E,D,E,D,True,False,True,,0.2
retinamnist_0203,Retinamnist,What type of retinal condition is shown in this fundus image?,Classification,0,A,5,"A,B,C,D,E",0,1,2,3,4,N/A,N/A,N/A,N/A,N/A,A,A,A,A,False,True,True,,0.2
retinamnist_0204,Retinamnist,What type of retinal condition is shown in this fundus image?,Classification,2,C,5,"A,B,C,D,E",0,1,2,3,4,N/A,N/A,N/A,N/A,N/A,E,E,E,E,False,False,False,,0.2
retinamnist_0205,Retinamnist,What type of retinal condition is shown in this fundus image?,Classification,2,C,5,"A,B,C,D,E",0,1,2,3,4,N/A,N/A,N/A,N/A,N/A,C,D,C,D,True,True,False,,0.2
retinamnist_0206,Retinamnist,What type of retinal condition is shown in this fundus image?,Classification,1,B,5,"A,B,C,D,E",0,1,2,3,4,N/A,N/A,N/A,N/A,N/A,B,E,B,E,True,True,False,,0.2
retinamnist_0207,Retinamnist,What type of retinal condition is shown in this fundus image?,Classification,0,A,5,"A,B,C,D,E",0,1,2,3,4,N/A,N/A,N/A,N/A,N/A,C,E,C,E,True,False,False,,0.2
retinamnist_0208,Retinamnist,What type of retinal condition is shown in this fundus image?,Classification,2,C,5,"A,B,C,D,E",0,1,2,3,4,N/A,N/A,N/A,N/A,N/A,A,A,A,A,False,False,False,,0.2
retinamnist_0209,Retinamnist,What type of retinal condition is shown in this fundus image?,Classification,0,A,5,"A,B,C,D,E",0,1,2,3,4,N/A,N/A,N/A,N/A,N/A,B,B,B,B,False,False,False,,0.2
retinamnist_0210,Retinamnist,What type of retinal condition is shown in this fundus image?,Classification,0,A,5,"A,B,C,D,E",0,1,2,3,4,N/A,N/A,N/A,N/A,N/A,B,A,B,A,True,False,True,,0.2
retinamnist_0211,Retinamnist,What type of retinal condition is shown in this fundus image?,Classification,2,C,5,"A,B,C,D,E",0,1,2,3,4,N/A,N/A,N/A,N/A,N/A,B,C,B,C,True,False,True,,0.2
retinamnist_0212,Retinamnist,What type of retinal condition is shown in this fundus image?,Classification,2,C,5,"A,B,C,D,E",0,1,2,3,4,N/A,N/A,N/A,N/A,N/A,A,A,A,A,False,False,False,,0.2
retinamnist_0213,Retinamnist,What type of retinal condition is shown in this fundus image?,Classification,0,A,5,"A,B,C,D,E",0,1,2,3,4,N/A,N/A,N/A,N/A,N/A,E,E,E,E,False,False,False,,0.2
retinamnist_0214,Retinamnist,What type of retinal condition is shown in this fundus image?,Classification,0,A,5,"A,B,C,D,E",0,1,2,3,4,N/A,N/A,N/A,N/A,N/A,C,C,C,C,False,False,False,,0.2
retinamnist_0215,Retinamnist,What type of retinal condition is shown in this fundus image?,Classification,1,B,5,"A,B,C,D,E",0,1,2,3,4,N/A,N/A,N/A,N/A,N/A,B,D,B,D,True,True,False,,0.2
retinamnist_0216,Retinamnist,What type of retinal condition is shown in this fundus image?,Classification,0,A,5,"A,B,C,D,E",0,1,2,3,4,N/A,N/A,N/A,N/A,N/A,B,C,B,C,True,False,False,,0.2
retinamnist_0217,Retinamnist,What type of retinal condition is shown in this fundus image?,Classification,2,C,5,"A,B,C,D,E",0,1,2,3,4,N/A,N/A,N/A,N/A,N/A,D,C,D,C,True,False,True,,0.2
retinamnist_0218,Retinamnist,What type of retinal condition is shown in this fundus image?,Classification,2,C,5,"A,B,C,D,E",0,1,2,3,4,N/A,N/A,N/A,N/A,N/A,D,C,D,C,True,False,True,,0.2
retinamnist_0219,Retinamnist,What type of retinal condition is shown in this fundus image?,Classification,2,C,5,"A,B,C,D,E",0,1,2,3,4,N/A,N/A,N/A,N/A,N/A,B,D,B,D,True,False,False,,0.2
retinamnist_0220,Retinamnist,What type of retinal condition is shown in this fundus image?,Classification,0,A,5,"A,B,C,D,E",0,1,2,3,4,N/A,N/A,N/A,N/A,N/A,E,C,E,C,True,False,False,,0.2
retinamnist_0221,Retinamnist,What type of retinal condition is shown in this fundus image?,Classification,3,D,5,"A,B,C,D,E",0,1,2,3,4,N/A,N/A,N/A,N/A,N/A,B,B,B,B,False,False,False,,0.2
retinamnist_0222,Retinamnist,What type of retinal condition is shown in this fundus image?,Classification,2,C,5,"A,B,C,D,E",0,1,2,3,4,N/A,N/A,N/A,N/A,N/A,B,A,B,A,True,False,False,,0.2
retinamnist_0223,Retinamnist,What type of retinal condition is shown in this fundus image?,Classification,1,B,5,"A,B,C,D,E",0,1,2,3,4,N/A,N/A,N/A,N/A,N/A,D,D,D,D,False,False,False,,0.2
retinamnist_0224,Retinamnist,What type of retinal condition is shown in this fundus image?,Classification,2,C,5,"A,B,C,D,E",0,1,2,3,4,N/A,N/A,N/A,N/A,N/A,B,B,B,B,False,False,False,,0.2
retinamnist_0225,Retinamnist,What type of retinal condition is shown in this fundus image?,Classification,0,A,5,"A,B,C,D,E",0,1,2,3,4,N/A,N/A,N/A,N/A,N/A,A,A,A,A,False,True,True,,0.2
retinamnist_0226,Retinamnist,What type of retinal condition is shown in this fundus image?,Classification,2,C,5,"A,B,C,D,E",0,1,2,3,4,N/A,N/A,N/A,N/A,N/A,D,B,D,B,True,False,False,,0.2
retinamnist_0227,Retinamnist,What type of retinal condition is shown in this fundus image?,Classification,0,A,5,"A,B,C,D,E",0,1,2,3,4,N/A,N/A,N/A,N/A,N/A,A,E,A,E,True,True,False,,0.2
retinamnist_0228,Retinamnist,What type of retinal condition is shown in this fundus image?,Classification,3,D,5,"A,B,C,D,E",0,1,2,3,4,N/A,N/A,N/A,N/A,N/A,B,E,B,E,True,False,False,,0.2
retinamnist_0229,Retinamnist,What type of retinal condition is shown in this fundus image?,Classification,0,A,5,"A,B,C,D,E",0,1,2,3,4,N/A,N/A,N/A,N/A,N/A,E,C,E,C,True,False,False,,0.2
retinamnist_0230,Retinamnist,What type of retinal condition is shown in this fundus image?,Classification,0,A,5,"A,B,C,D,E",0,1,2,3,4,N/A,N/A,N/A,N/A,N/A,B,C,B,C,True,False,False,,0.2
retinamnist_0231,Retinamnist,What type of retinal condition is shown in this fundus image?,Classification,2,C,5,"A,B,C,D,E",0,1,2,3,4,N/A,N/A,N/A,N/A,N/A,E,E,E,E,False,False,False,,0.2
retinamnist_0232,Retinamnist,What type of retinal condition is shown in this fundus image?,Classification,0,A,5,"A,B,C,D,E",0,1,2,3,4,N/A,N/A,N/A,N/A,N/A,C,A,C,A,True,False,True,,0.2
retinamnist_0233,Retinamnist,What type of retinal condition is shown in this fundus image?,Classification,0,A,5,"A,B,C,D,E",0,1,2,3,4,N/A,N/A,N/A,N/A,N/A,E,E,E,E,False,False,False,,0.2
retinamnist_0234,Retinamnist,What type of retinal condition is shown in this fundus image?,Classification,0,A,5,"A,B,C,D,E",0,1,2,3,4,N/A,N/A,N/A,N/A,N/A,A,D,A,D,True,True,False,,0.2
retinamnist_0236,Retinamnist,What type of retinal condition is shown in this fundus image?,Classification,2,C,5,"A,B,C,D,E",0,1,2,3,4,N/A,N/A,N/A,N/A,N/A,B,D,B,D,True,False,False,,0.2
retinamnist_0237,Retinamnist,What type of retinal condition is shown in this fundus image?,Classification,0,A,5,"A,B,C,D,E",0,1,2,3,4,N/A,N/A,N/A,N/A,N/A,E,D,E,D,True,False,False,,0.2
retinamnist_0235,Retinamnist,What type of retinal condition is shown in this fundus image?,Classification,1,B,5,"A,B,C,D,E",0,1,2,3,4,N/A,N/A,N/A,N/A,N/A,E,C,E,C,True,False,False,,0.2
retinamnist_0238,Retinamnist,What type of retinal condition is shown in this fundus image?,Classification,4,E,5,"A,B,C,D,E",0,1,2,3,4,N/A,N/A,N/A,N/A,N/A,A,B,A,B,True,False,False,,0.2
retinamnist_0239,Retinamnist,What type of retinal condition is shown in this fundus image?,Classification,3,D,5,"A,B,C,D,E",0,1,2,3,4,N/A,N/A,N/A,N/A,N/A,D,B,D,B,True,True,False,,0.2
retinamnist_0240,Retinamnist,What type of retinal condition is shown in this fundus image?,Classification,1,B,5,"A,B,C,D,E",0,1,2,3,4,N/A,N/A,N/A,N/A,N/A,D,E,D,E,True,False,False,,0.2
retinamnist_0241,Retinamnist,What type of retinal condition is shown in this fundus image?,Classification,2,C,5,"A,B,C,D,E",0,1,2,3,4,N/A,N/A,N/A,N/A,N/A,C,E,C,E,True,True,False,,0.2
retinamnist_0242,Retinamnist,What type of retinal condition is shown in this fundus image?,Classification,0,A,5,"A,B,C,D,E",0,1,2,3,4,N/A,N/A,N/A,N/A,N/A,C,E,C,E,True,False,False,,0.2
retinamnist_0243,Retinamnist,What type of retinal condition is shown in this fundus image?,Classification,0,A,5,"A,B,C,D,E",0,1,2,3,4,N/A,N/A,N/A,N/A,N/A,D,D,D,D,False,False,False,,0.2
retinamnist_0244,Retinamnist,What type of retinal condition is shown in this fundus image?,Classification,0,A,5,"A,B,C,D,E",0,1,2,3,4,N/A,N/A,N/A,N/A,N/A,A,E,A,E,True,True,False,,0.2
retinamnist_0245,Retinamnist,What type of retinal condition is shown in this fundus image?,Classification,1,B,5,"A,B,C,D,E",0,1,2,3,4,N/A,N/A,N/A,N/A,N/A,C,C,C,C,False,False,False,,0.2
retinamnist_0246,Retinamnist,What type of retinal condition is shown in this fundus image?,Classification,0,A,5,"A,B,C,D,E",0,1,2,3,4,N/A,N/A,N/A,N/A,N/A,E,B,E,B,True,False,False,,0.2
retinamnist_0247,Retinamnist,What type of retinal condition is shown in this fundus image?,Classification,2,C,5,"A,B,C,D,E",0,1,2,3,4,N/A,N/A,N/A,N/A,N/A,C,A,C,A,True,True,False,,0.2
retinamnist_0248,Retinamnist,What type of retinal condition is shown in this fundus image?,Classification,3,D,5,"A,B,C,D,E",0,1,2,3,4,N/A,N/A,N/A,N/A,N/A,B,D,B,D,True,False,True,,0.2
retinamnist_0249,Retinamnist,What type of retinal condition is shown in this fundus image?,Classification,3,D,5,"A,B,C,D,E",0,1,2,3,4,N/A,N/A,N/A,N/A,N/A,B,E,B,E,True,False,False,,0.2
retinamnist_0250,Retinamnist,What type of retinal condition is shown in this fundus image?,Classification,2,C,5,"A,B,C,D,E",0,1,2,3,4,N/A,N/A,N/A,N/A,N/A,E,A,E,A,True,False,False,,0.2
retinamnist_0251,Retinamnist,What type of retinal condition is shown in this fundus image?,Classification,1,B,5,"A,B,C,D,E",0,1,2,3,4,N/A,N/A,N/A,N/A,N/A,E,E,E,E,False,False,False,,0.2
retinamnist_0252,Retinamnist,What type of retinal condition is shown in this fundus image?,Classification,2,C,5,"A,B,C,D,E",0,1,2,3,4,N/A,N/A,N/A,N/A,N/A,E,D,E,D,True,False,False,,0.2
retinamnist_0255,Retinamnist,What type of retinal condition is shown in this fundus image?,Classification,0,A,5,"A,B,C,D,E",0,1,2,3,4,N/A,N/A,N/A,N/A,N/A,B,B,B,B,False,False,False,,0.2
retinamnist_0254,Retinamnist,What type of retinal condition is shown in this fundus image?,Classification,0,A,5,"A,B,C,D,E",0,1,2,3,4,N/A,N/A,N/A,N/A,N/A,C,E,C,E,True,False,False,,0.2
retinamnist_0253,Retinamnist,What type of retinal condition is shown in this fundus image?,Classification,2,C,5,"A,B,C,D,E",0,1,2,3,4,N/A,N/A,N/A,N/A,N/A,A,B,A,B,True,False,False,,0.2
retinamnist_0256,Retinamnist,What type of retinal condition is shown in this fundus image?,Classification,4,E,5,"A,B,C,D,E",0,1,2,3,4,N/A,N/A,N/A,N/A,N/A,D,A,D,A,True,False,False,,3.21
retinamnist_0257,Retinamnist,What type of retinal condition is shown in this fundus image?,Classification,0,A,5,"A,B,C,D,E",0,1,2,3,4,N/A,N/A,N/A,N/A,N/A,A,E,A,E,True,True,False,,3.21
retinamnist_0258,Retinamnist,What type of retinal condition is shown in this fundus image?,Classification,0,A,5,"A,B,C,D,E",0,1,2,3,4,N/A,N/A,N/A,N/A,N/A,B,B,B,B,False,False,False,,3.21
retinamnist_0259,Retinamnist,What type of retinal condition is shown in this fundus image?,Classification,2,C,5,"A,B,C,D,E",0,1,2,3,4,N/A,N/A,N/A,N/A,N/A,C,D,C,D,True,True,False,,3.21
retinamnist_0260,Retinamnist,What type of retinal condition is shown in this fundus image?,Classification,4,E,5,"A,B,C,D,E",0,1,2,3,4,N/A,N/A,N/A,N/A,N/A,E,C,E,C,True,True,False,,3.21
retinamnist_0261,Retinamnist,What type of retinal condition is shown in this fundus image?,Classification,3,D,5,"A,B,C,D,E",0,1,2,3,4,N/A,N/A,N/A,N/A,N/A,C,C,C,C,False,False,False,,3.21
retinamnist_0262,Retinamnist,What type of retinal condition is shown in this fundus image?,Classification,4,E,5,"A,B,C,D,E",0,1,2,3,4,N/A,N/A,N/A,N/A,N/A,D,B,D,B,True,False,False,,3.21
retinamnist_0263,Retinamnist,What type of retinal condition is shown in this fundus image?,Classification,3,D,5,"A,B,C,D,E",0,1,2,3,4,N/A,N/A,N/A,N/A,N/A,D,A,D,A,True,True,False,,3.21
retinamnist_0264,Retinamnist,What type of retinal condition is shown in this fundus image?,Classification,3,D,5,"A,B,C,D,E",0,1,2,3,4,N/A,N/A,N/A,N/A,N/A,D,A,D,A,True,True,False,,0.2
retinamnist_0265,Retinamnist,What type of retinal condition is shown in this fundus image?,Classification,2,C,5,"A,B,C,D,E",0,1,2,3,4,N/A,N/A,N/A,N/A,N/A,C,A,C,A,True,True,False,,0.2
retinamnist_0266,Retinamnist,What type of retinal condition is shown in this fundus image?,Classification,0,A,5,"A,B,C,D,E",0,1,2,3,4,N/A,N/A,N/A,N/A,N/A,D,E,D,E,True,False,False,,0.2
retinamnist_0267,Retinamnist,What type of retinal condition is shown in this fundus image?,Classification,0,A,5,"A,B,C,D,E",0,1,2,3,4,N/A,N/A,N/A,N/A,N/A,E,B,E,B,True,False,False,,0.2
retinamnist_0268,Retinamnist,What type of retinal condition is shown in this fundus image?,Classification,0,A,5,"A,B,C,D,E",0,1,2,3,4,N/A,N/A,N/A,N/A,N/A,A,D,A,D,True,True,False,,0.2
retinamnist_0269,Retinamnist,What type of retinal condition is shown in this fundus image?,Classification,1,B,5,"A,B,C,D,E",0,1,2,3,4,N/A,N/A,N/A,N/A,N/A,A,A,A,A,False,False,False,,0.2
retinamnist_0270,Retinamnist,What type of retinal condition is shown in this fundus image?,Classification,0,A,5,"A,B,C,D,E",0,1,2,3,4,N/A,N/A,N/A,N/A,N/A,A,B,A,B,True,True,False,,0.2
retinamnist_0271,Retinamnist,What type of retinal condition is shown in this fundus image?,Classification,3,D,5,"A,B,C,D,E",0,1,2,3,4,N/A,N/A,N/A,N/A,N/A,E,A,E,A,True,False,False,,0.2
retinamnist_0272,Retinamnist,What type of retinal condition is shown in this fundus image?,Classification,0,A,5,"A,B,C,D,E",0,1,2,3,4,N/A,N/A,N/A,N/A,N/A,A,A,A,A,False,True,True,,0.2
retinamnist_0273,Retinamnist,What type of retinal condition is shown in this fundus image?,Classification,3,D,5,"A,B,C,D,E",0,1,2,3,4,N/A,N/A,N/A,N/A,N/A,E,D,E,D,True,False,True,,0.2
retinamnist_0274,Retinamnist,What type of retinal condition is shown in this fundus image?,Classification,0,A,5,"A,B,C,D,E",0,1,2,3,4,N/A,N/A,N/A,N/A,N/A,A,A,A,A,False,True,True,,0.2
retinamnist_0275,Retinamnist,What type of retinal condition is shown in this fundus image?,Classification,1,B,5,"A,B,C,D,E",0,1,2,3,4,N/A,N/A,N/A,N/A,N/A,A,D,A,D,True,False,False,,0.2
retinamnist_0276,Retinamnist,What type of retinal condition is shown in this fundus image?,Classification,1,B,5,"A,B,C,D,E",0,1,2,3,4,N/A,N/A,N/A,N/A,N/A,D,B,D,B,True,False,True,,0.2
retinamnist_0277,Retinamnist,What type of retinal condition is shown in this fundus image?,Classification,0,A,5,"A,B,C,D,E",0,1,2,3,4,N/A,N/A,N/A,N/A,N/A,C,E,C,E,True,False,False,,0.2
retinamnist_0278,Retinamnist,What type of retinal condition is shown in this fundus image?,Classification,0,A,5,"A,B,C,D,E",0,1,2,3,4,N/A,N/A,N/A,N/A,N/A,C,C,C,C,False,False,False,,0.2
retinamnist_0279,Retinamnist,What type of retinal condition is shown in this fundus image?,Classification,4,E,5,"A,B,C,D,E",0,1,2,3,4,N/A,N/A,N/A,N/A,N/A,B,E,B,E,True,False,True,,0.2
retinamnist_0280,Retinamnist,What type of retinal condition is shown in this fundus image?,Classification,0,A,5,"A,B,C,D,E",0,1,2,3,4,N/A,N/A,N/A,N/A,N/A,A,D,A,D,True,True,False,,0.2
retinamnist_0281,Retinamnist,What type of retinal condition is shown in this fundus image?,Classification,2,C,5,"A,B,C,D,E",0,1,2,3,4,N/A,N/A,N/A,N/A,N/A,A,D,A,D,True,False,False,,0.2
retinamnist_0282,Retinamnist,What type of retinal condition is shown in this fundus image?,Classification,3,D,5,"A,B,C,D,E",0,1,2,3,4,N/A,N/A,N/A,N/A,N/A,A,B,A,B,True,False,False,,0.2
retinamnist_0283,Retinamnist,What type of retinal condition is shown in this fundus image?,Classification,0,A,5,"A,B,C,D,E",0,1,2,3,4,N/A,N/A,N/A,N/A,N/A,A,E,A,E,True,True,False,,0.2
retinamnist_0284,Retinamnist,What type of retinal condition is shown in this fundus image?,Classification,2,C,5,"A,B,C,D,E",0,1,2,3,4,N/A,N/A,N/A,N/A,N/A,D,A,D,A,True,False,False,,0.2
retinamnist_0285,Retinamnist,What type of retinal condition is shown in this fundus image?,Classification,2,C,5,"A,B,C,D,E",0,1,2,3,4,N/A,N/A,N/A,N/A,N/A,B,B,B,B,False,False,False,,0.2
retinamnist_0286,Retinamnist,What type of retinal condition is shown in this fundus image?,Classification,2,C,5,"A,B,C,D,E",0,1,2,3,4,N/A,N/A,N/A,N/A,N/A,C,B,C,B,True,True,False,,0.2
retinamnist_0287,Retinamnist,What type of retinal condition is shown in this fundus image?,Classification,1,B,5,"A,B,C,D,E",0,1,2,3,4,N/A,N/A,N/A,N/A,N/A,D,D,D,D,False,False,False,,0.2
retinamnist_0288,Retinamnist,What type of retinal condition is shown in this fundus image?,Classification,3,D,5,"A,B,C,D,E",0,1,2,3,4,N/A,N/A,N/A,N/A,N/A,B,D,B,D,True,False,True,,0.2
retinamnist_0289,Retinamnist,What type of retinal condition is shown in this fundus image?,Classification,3,D,5,"A,B,C,D,E",0,1,2,3,4,N/A,N/A,N/A,N/A,N/A,E,D,E,D,True,False,True,,0.2
retinamnist_0290,Retinamnist,What type of retinal condition is shown in this fundus image?,Classification,0,A,5,"A,B,C,D,E",0,1,2,3,4,N/A,N/A,N/A,N/A,N/A,A,C,A,C,True,True,False,,0.2
retinamnist_0291,Retinamnist,What type of retinal condition is shown in this fundus image?,Classification,3,D,5,"A,B,C,D,E",0,1,2,3,4,N/A,N/A,N/A,N/A,N/A,E,A,E,A,True,False,False,,0.2
retinamnist_0292,Retinamnist,What type of retinal condition is shown in this fundus image?,Classification,2,C,5,"A,B,C,D,E",0,1,2,3,4,N/A,N/A,N/A,N/A,N/A,A,D,A,D,True,False,False,,0.2
retinamnist_0293,Retinamnist,What type of retinal condition is shown in this fundus image?,Classification,1,B,5,"A,B,C,D,E",0,1,2,3,4,N/A,N/A,N/A,N/A,N/A,B,D,B,D,True,True,False,,0.2
retinamnist_0294,Retinamnist,What type of retinal condition is shown in this fundus image?,Classification,0,A,5,"A,B,C,D,E",0,1,2,3,4,N/A,N/A,N/A,N/A,N/A,E,A,E,A,True,False,True,,0.2
retinamnist_0295,Retinamnist,What type of retinal condition is shown in this fundus image?,Classification,0,A,5,"A,B,C,D,E",0,1,2,3,4,N/A,N/A,N/A,N/A,N/A,D,C,D,C,True,False,False,,0.2
retinamnist_0296,Retinamnist,What type of retinal condition is shown in this fundus image?,Classification,2,C,5,"A,B,C,D,E",0,1,2,3,4,N/A,N/A,N/A,N/A,N/A,E,A,E,A,True,False,False,,0.2
retinamnist_0297,Retinamnist,What type of retinal condition is shown in this fundus image?,Classification,3,D,5,"A,B,C,D,E",0,1,2,3,4,N/A,N/A,N/A,N/A,N/A,E,E,E,E,False,False,False,,0.2
retinamnist_0298,Retinamnist,What type of retinal condition is shown in this fundus image?,Classification,0,A,5,"A,B,C,D,E",0,1,2,3,4,N/A,N/A,N/A,N/A,N/A,B,B,B,B,False,False,False,,0.2
retinamnist_0299,Retinamnist,What type of retinal condition is shown in this fundus image?,Classification,2,C,5,"A,B,C,D,E",0,1,2,3,4,N/A,N/A,N/A,N/A,N/A,B,E,B,E,True,False,False,,0.2
retinamnist_0301,Retinamnist,What type of retinal condition is shown in this fundus image?,Classification,3,D,5,"A,B,C,D,E",0,1,2,3,4,N/A,N/A,N/A,N/A,N/A,B,C,B,C,True,False,False,,0.2
retinamnist_0302,Retinamnist,What type of retinal condition is shown in this fundus image?,Classification,3,D,5,"A,B,C,D,E",0,1,2,3,4,N/A,N/A,N/A,N/A,N/A,D,D,D,D,False,True,True,,0.2
retinamnist_0300,Retinamnist,What type of retinal condition is shown in this fundus image?,Classification,0,A,5,"A,B,C,D,E",0,1,2,3,4,N/A,N/A,N/A,N/A,N/A,C,A,C,A,True,False,True,,0.2
retinamnist_0303,Retinamnist,What type of retinal condition is shown in this fundus image?,Classification,3,D,5,"A,B,C,D,E",0,1,2,3,4,N/A,N/A,N/A,N/A,N/A,D,E,D,E,True,True,False,,0.2
retinamnist_0304,Retinamnist,What type of retinal condition is shown in this fundus image?,Classification,0,A,5,"A,B,C,D,E",0,1,2,3,4,N/A,N/A,N/A,N/A,N/A,A,B,A,B,True,True,False,,0.2
retinamnist_0305,Retinamnist,What type of retinal condition is shown in this fundus image?,Classification,1,B,5,"A,B,C,D,E",0,1,2,3,4,N/A,N/A,N/A,N/A,N/A,C,D,C,D,True,False,False,,0.2
retinamnist_0306,Retinamnist,What type of retinal condition is shown in this fundus image?,Classification,0,A,5,"A,B,C,D,E",0,1,2,3,4,N/A,N/A,N/A,N/A,N/A,D,B,D,B,True,False,False,,0.2
retinamnist_0307,Retinamnist,What type of retinal condition is shown in this fundus image?,Classification,3,D,5,"A,B,C,D,E",0,1,2,3,4,N/A,N/A,N/A,N/A,N/A,B,D,B,D,True,False,True,,0.2
retinamnist_0308,Retinamnist,What type of retinal condition is shown in this fundus image?,Classification,0,A,5,"A,B,C,D,E",0,1,2,3,4,N/A,N/A,N/A,N/A,N/A,B,C,B,C,True,False,False,,0.2
retinamnist_0310,Retinamnist,What type of retinal condition is shown in this fundus image?,Classification,0,A,5,"A,B,C,D,E",0,1,2,3,4,N/A,N/A,N/A,N/A,N/A,A,E,A,E,True,True,False,,0.2
retinamnist_0309,Retinamnist,What type of retinal condition is shown in this fundus image?,Classification,0,A,5,"A,B,C,D,E",0,1,2,3,4,N/A,N/A,N/A,N/A,N/A,B,E,B,E,True,False,False,,0.2
retinamnist_0311,Retinamnist,What type of retinal condition is shown in this fundus image?,Classification,0,A,5,"A,B,C,D,E",0,1,2,3,4,N/A,N/A,N/A,N/A,N/A,A,D,A,D,True,True,False,,0.2
retinamnist_0312,Retinamnist,What type of retinal condition is shown in this fundus image?,Classification,0,A,5,"A,B,C,D,E",0,1,2,3,4,N/A,N/A,N/A,N/A,N/A,D,E,D,E,True,False,False,,0.2
retinamnist_0313,Retinamnist,What type of retinal condition is shown in this fundus image?,Classification,2,C,5,"A,B,C,D,E",0,1,2,3,4,N/A,N/A,N/A,N/A,N/A,C,D,C,D,True,True,False,,0.2
retinamnist_0314,Retinamnist,What type of retinal condition is shown in this fundus image?,Classification,3,D,5,"A,B,C,D,E",0,1,2,3,4,N/A,N/A,N/A,N/A,N/A,A,A,A,A,False,False,False,,0.2
retinamnist_0315,Retinamnist,What type of retinal condition is shown in this fundus image?,Classification,3,D,5,"A,B,C,D,E",0,1,2,3,4,N/A,N/A,N/A,N/A,N/A,D,D,D,D,False,True,True,,0.2
retinamnist_0316,Retinamnist,What type of retinal condition is shown in this fundus image?,Classification,1,B,5,"A,B,C,D,E",0,1,2,3,4,N/A,N/A,N/A,N/A,N/A,D,A,D,A,True,False,False,,0.2
retinamnist_0317,Retinamnist,What type of retinal condition is shown in this fundus image?,Classification,2,C,5,"A,B,C,D,E",0,1,2,3,4,N/A,N/A,N/A,N/A,N/A,E,C,E,C,True,False,True,,0.2
retinamnist_0319,Retinamnist,What type of retinal condition is shown in this fundus image?,Classification,0,A,5,"A,B,C,D,E",0,1,2,3,4,N/A,N/A,N/A,N/A,N/A,B,D,B,D,True,False,False,,0.2
retinamnist_0318,Retinamnist,What type of retinal condition is shown in this fundus image?,Classification,3,D,5,"A,B,C,D,E",0,1,2,3,4,N/A,N/A,N/A,N/A,N/A,D,B,D,B,True,True,False,,0.2
retinamnist_0320,Retinamnist,What type of retinal condition is shown in this fundus image?,Classification,2,C,5,"A,B,C,D,E",0,1,2,3,4,N/A,N/A,N/A,N/A,N/A,A,E,A,E,True,False,False,,0.2
retinamnist_0321,Retinamnist,What type of retinal condition is shown in this fundus image?,Classification,2,C,5,"A,B,C,D,E",0,1,2,3,4,N/A,N/A,N/A,N/A,N/A,D,C,D,C,True,False,True,,0.2
retinamnist_0322,Retinamnist,What type of retinal condition is shown in this fundus image?,Classification,3,D,5,"A,B,C,D,E",0,1,2,3,4,N/A,N/A,N/A,N/A,N/A,E,B,E,B,True,False,False,,0.2
retinamnist_0323,Retinamnist,What type of retinal condition is shown in this fundus image?,Classification,2,C,5,"A,B,C,D,E",0,1,2,3,4,N/A,N/A,N/A,N/A,N/A,B,A,B,A,True,False,False,,0.2
retinamnist_0325,Retinamnist,What type of retinal condition is shown in this fundus image?,Classification,2,C,5,"A,B,C,D,E",0,1,2,3,4,N/A,N/A,N/A,N/A,N/A,B,A,B,A,True,False,False,,0.2
retinamnist_0324,Retinamnist,What type of retinal condition is shown in this fundus image?,Classification,2,C,5,"A,B,C,D,E",0,1,2,3,4,N/A,N/A,N/A,N/A,N/A,A,B,A,B,True,False,False,,0.2
retinamnist_0327,Retinamnist,What type of retinal condition is shown in this fundus image?,Classification,2,C,5,"A,B,C,D,E",0,1,2,3,4,N/A,N/A,N/A,N/A,N/A,C,D,C,D,True,True,False,,0.2
retinamnist_0326,Retinamnist,What type of retinal condition is shown in this fundus image?,Classification,0,A,5,"A,B,C,D,E",0,1,2,3,4,N/A,N/A,N/A,N/A,N/A,E,D,E,D,True,False,False,,0.2
retinamnist_0328,Retinamnist,What type of retinal condition is shown in this fundus image?,Classification,2,C,5,"A,B,C,D,E",0,1,2,3,4,N/A,N/A,N/A,N/A,N/A,E,A,E,A,True,False,False,,0.2
retinamnist_0329,Retinamnist,What type of retinal condition is shown in this fundus image?,Classification,0,A,5,"A,B,C,D,E",0,1,2,3,4,N/A,N/A,N/A,N/A,N/A,A,E,A,E,True,True,False,,0.2
retinamnist_0330,Retinamnist,What type of retinal condition is shown in this fundus image?,Classification,2,C,5,"A,B,C,D,E",0,1,2,3,4,N/A,N/A,N/A,N/A,N/A,A,C,A,C,True,False,True,,0.2
retinamnist_0331,Retinamnist,What type of retinal condition is shown in this fundus image?,Classification,0,A,5,"A,B,C,D,E",0,1,2,3,4,N/A,N/A,N/A,N/A,N/A,E,D,E,D,True,False,False,,0.2
retinamnist_0332,Retinamnist,What type of retinal condition is shown in this fundus image?,Classification,0,A,5,"A,B,C,D,E",0,1,2,3,4,N/A,N/A,N/A,N/A,N/A,C,C,C,C,False,False,False,,0.2
retinamnist_0333,Retinamnist,What type of retinal condition is shown in this fundus image?,Classification,1,B,5,"A,B,C,D,E",0,1,2,3,4,N/A,N/A,N/A,N/A,N/A,E,C,E,C,True,False,False,,0.2
retinamnist_0334,Retinamnist,What type of retinal condition is shown in this fundus image?,Classification,0,A,5,"A,B,C,D,E",0,1,2,3,4,N/A,N/A,N/A,N/A,N/A,D,D,D,D,False,False,False,,0.2
retinamnist_0335,Retinamnist,What type of retinal condition is shown in this fundus image?,Classification,2,C,5,"A,B,C,D,E",0,1,2,3,4,N/A,N/A,N/A,N/A,N/A,E,E,E,E,False,False,False,,0.2
retinamnist_0336,Retinamnist,What type of retinal condition is shown in this fundus image?,Classification,2,C,5,"A,B,C,D,E",0,1,2,3,4,N/A,N/A,N/A,N/A,N/A,D,B,D,B,True,False,False,,0.2
retinamnist_0337,Retinamnist,What type of retinal condition is shown in this fundus image?,Classification,2,C,5,"A,B,C,D,E",0,1,2,3,4,N/A,N/A,N/A,N/A,N/A,E,D,E,D,True,False,False,,0.2
retinamnist_0338,Retinamnist,What type of retinal condition is shown in this fundus image?,Classification,1,B,5,"A,B,C,D,E",0,1,2,3,4,N/A,N/A,N/A,N/A,N/A,A,E,A,E,True,False,False,,0.2
retinamnist_0339,Retinamnist,What type of retinal condition is shown in this fundus image?,Classification,0,A,5,"A,B,C,D,E",0,1,2,3,4,N/A,N/A,N/A,N/A,N/A,E,B,E,B,True,False,False,,0.2
retinamnist_0340,Retinamnist,What type of retinal condition is shown in this fundus image?,Classification,3,D,5,"A,B,C,D,E",0,1,2,3,4,N/A,N/A,N/A,N/A,N/A,A,D,A,D,True,False,True,,0.2
retinamnist_0341,Retinamnist,What type of retinal condition is shown in this fundus image?,Classification,3,D,5,"A,B,C,D,E",0,1,2,3,4,N/A,N/A,N/A,N/A,N/A,B,A,B,A,True,False,False,,0.2
retinamnist_0342,Retinamnist,What type of retinal condition is shown in this fundus image?,Classification,3,D,5,"A,B,C,D,E",0,1,2,3,4,N/A,N/A,N/A,N/A,N/A,C,E,C,E,True,False,False,,0.2
retinamnist_0343,Retinamnist,What type of retinal condition is shown in this fundus image?,Classification,3,D,5,"A,B,C,D,E",0,1,2,3,4,N/A,N/A,N/A,N/A,N/A,B,D,B,D,True,False,True,,0.2
retinamnist_0344,Retinamnist,What type of retinal condition is shown in this fundus image?,Classification,0,A,5,"A,B,C,D,E",0,1,2,3,4,N/A,N/A,N/A,N/A,N/A,D,E,D,E,True,False,False,,0.2
retinamnist_0345,Retinamnist,What type of retinal condition is shown in this fundus image?,Classification,0,A,5,"A,B,C,D,E",0,1,2,3,4,N/A,N/A,N/A,N/A,N/A,C,B,C,B,True,False,False,,0.2
retinamnist_0346,Retinamnist,What type of retinal condition is shown in this fundus image?,Classification,2,C,5,"A,B,C,D,E",0,1,2,3,4,N/A,N/A,N/A,N/A,N/A,E,D,E,D,True,False,False,,0.2
retinamnist_0347,Retinamnist,What type of retinal condition is shown in this fundus image?,Classification,0,A,5,"A,B,C,D,E",0,1,2,3,4,N/A,N/A,N/A,N/A,N/A,A,B,A,B,True,True,False,,0.2
retinamnist_0348,Retinamnist,What type of retinal condition is shown in this fundus image?,Classification,2,C,5,"A,B,C,D,E",0,1,2,3,4,N/A,N/A,N/A,N/A,N/A,C,A,C,A,True,True,False,,0.2
retinamnist_0349,Retinamnist,What type of retinal condition is shown in this fundus image?,Classification,0,A,5,"A,B,C,D,E",0,1,2,3,4,N/A,N/A,N/A,N/A,N/A,C,A,C,A,True,False,True,,0.2
retinamnist_0350,Retinamnist,What type of retinal condition is shown in this fundus image?,Classification,2,C,5,"A,B,C,D,E",0,1,2,3,4,N/A,N/A,N/A,N/A,N/A,B,C,B,C,True,False,True,,0.2
retinamnist_0351,Retinamnist,What type of retinal condition is shown in this fundus image?,Classification,3,D,5,"A,B,C,D,E",0,1,2,3,4,N/A,N/A,N/A,N/A,N/A,B,C,B,C,True,False,False,,0.2
retinamnist_0352,Retinamnist,What type of retinal condition is shown in this fundus image?,Classification,0,A,5,"A,B,C,D,E",0,1,2,3,4,N/A,N/A,N/A,N/A,N/A,D,E,D,E,True,False,False,,0.2
retinamnist_0353,Retinamnist,What type of retinal condition is shown in this fundus image?,Classification,0,A,5,"A,B,C,D,E",0,1,2,3,4,N/A,N/A,N/A,N/A,N/A,D,D,D,D,False,False,False,,0.2
retinamnist_0355,Retinamnist,What type of retinal condition is shown in this fundus image?,Classification,3,D,5,"A,B,C,D,E",0,1,2,3,4,N/A,N/A,N/A,N/A,N/A,E,A,E,A,True,False,False,,0.2
retinamnist_0354,Retinamnist,What type of retinal condition is shown in this fundus image?,Classification,4,E,5,"A,B,C,D,E",0,1,2,3,4,N/A,N/A,N/A,N/A,N/A,B,D,B,D,True,False,False,,0.2
retinamnist_0356,Retinamnist,What type of retinal condition is shown in this fundus image?,Classification,1,B,5,"A,B,C,D,E",0,1,2,3,4,N/A,N/A,N/A,N/A,N/A,C,D,C,D,True,False,False,,0.2
retinamnist_0357,Retinamnist,What type of retinal condition is shown in this fundus image?,Classification,3,D,5,"A,B,C,D,E",0,1,2,3,4,N/A,N/A,N/A,N/A,N/A,C,A,C,A,True,False,False,,0.2
retinamnist_0358,Retinamnist,What type of retinal condition is shown in this fundus image?,Classification,0,A,5,"A,B,C,D,E",0,1,2,3,4,N/A,N/A,N/A,N/A,N/A,C,C,C,C,False,False,False,,0.2
retinamnist_0359,Retinamnist,What type of retinal condition is shown in this fundus image?,Classification,0,A,5,"A,B,C,D,E",0,1,2,3,4,N/A,N/A,N/A,N/A,N/A,D,B,D,B,True,False,False,,0.2
retinamnist_0360,Retinamnist,What type of retinal condition is shown in this fundus image?,Classification,3,D,5,"A,B,C,D,E",0,1,2,3,4,N/A,N/A,N/A,N/A,N/A,B,D,B,D,True,False,True,,0.2
retinamnist_0361,Retinamnist,What type of retinal condition is shown in this fundus image?,Classification,4,E,5,"A,B,C,D,E",0,1,2,3,4,N/A,N/A,N/A,N/A,N/A,C,B,C,B,True,False,False,,0.2
retinamnist_0363,Retinamnist,What type of retinal condition is shown in this fundus image?,Classification,2,C,5,"A,B,C,D,E",0,1,2,3,4,N/A,N/A,N/A,N/A,N/A,C,B,C,B,True,True,False,,0.2
retinamnist_0364,Retinamnist,What type of retinal condition is shown in this fundus image?,Classification,1,B,5,"A,B,C,D,E",0,1,2,3,4,N/A,N/A,N/A,N/A,N/A,B,E,B,E,True,True,False,,0.2
retinamnist_0362,Retinamnist,What type of retinal condition is shown in this fundus image?,Classification,4,E,5,"A,B,C,D,E",0,1,2,3,4,N/A,N/A,N/A,N/A,N/A,D,C,D,C,True,False,False,,0.2
retinamnist_0366,Retinamnist,What type of retinal condition is shown in this fundus image?,Classification,2,C,5,"A,B,C,D,E",0,1,2,3,4,N/A,N/A,N/A,N/A,N/A,C,A,C,A,True,True,False,,0.2
retinamnist_0367,Retinamnist,What type of retinal condition is shown in this fundus image?,Classification,0,A,5,"A,B,C,D,E",0,1,2,3,4,N/A,N/A,N/A,N/A,N/A,C,A,C,A,True,False,True,,0.2
retinamnist_0365,Retinamnist,What type of retinal condition is shown in this fundus image?,Classification,3,D,5,"A,B,C,D,E",0,1,2,3,4,N/A,N/A,N/A,N/A,N/A,B,B,B,B,False,False,False,,0.2
retinamnist_0368,Retinamnist,What type of retinal condition is shown in this fundus image?,Classification,0,A,5,"A,B,C,D,E",0,1,2,3,4,N/A,N/A,N/A,N/A,N/A,C,B,C,B,True,False,False,,0.2
retinamnist_0370,Retinamnist,What type of retinal condition is shown in this fundus image?,Classification,0,A,5,"A,B,C,D,E",0,1,2,3,4,N/A,N/A,N/A,N/A,N/A,E,A,E,A,True,False,True,,0.2
retinamnist_0371,Retinamnist,What type of retinal condition is shown in this fundus image?,Classification,0,A,5,"A,B,C,D,E",0,1,2,3,4,N/A,N/A,N/A,N/A,N/A,A,B,A,B,True,True,False,,0.2
retinamnist_0372,Retinamnist,What type of retinal condition is shown in this fundus image?,Classification,2,C,5,"A,B,C,D,E",0,1,2,3,4,N/A,N/A,N/A,N/A,N/A,B,B,B,B,False,False,False,,0.2
retinamnist_0369,Retinamnist,What type of retinal condition is shown in this fundus image?,Classification,0,A,5,"A,B,C,D,E",0,1,2,3,4,N/A,N/A,N/A,N/A,N/A,D,A,D,A,True,False,True,,0.2
retinamnist_0373,Retinamnist,What type of retinal condition is shown in this fundus image?,Classification,3,D,5,"A,B,C,D,E",0,1,2,3,4,N/A,N/A,N/A,N/A,N/A,E,E,E,E,False,False,False,,0.2
retinamnist_0374,Retinamnist,What type of retinal condition is shown in this fundus image?,Classification,0,A,5,"A,B,C,D,E",0,1,2,3,4,N/A,N/A,N/A,N/A,N/A,C,D,C,D,True,False,False,,0.2
retinamnist_0375,Retinamnist,What type of retinal condition is shown in this fundus image?,Classification,3,D,5,"A,B,C,D,E",0,1,2,3,4,N/A,N/A,N/A,N/A,N/A,D,E,D,E,True,True,False,,0.2
retinamnist_0376,Retinamnist,What type of retinal condition is shown in this fundus image?,Classification,3,D,5,"A,B,C,D,E",0,1,2,3,4,N/A,N/A,N/A,N/A,N/A,A,B,A,B,True,False,False,,0.2
retinamnist_0377,Retinamnist,What type of retinal condition is shown in this fundus image?,Classification,0,A,5,"A,B,C,D,E",0,1,2,3,4,N/A,N/A,N/A,N/A,N/A,C,B,C,B,True,False,False,,0.2
retinamnist_0378,Retinamnist,What type of retinal condition is shown in this fundus image?,Classification,2,C,5,"A,B,C,D,E",0,1,2,3,4,N/A,N/A,N/A,N/A,N/A,D,B,D,B,True,False,False,,0.2
retinamnist_0379,Retinamnist,What type of retinal condition is shown in this fundus image?,Classification,4,E,5,"A,B,C,D,E",0,1,2,3,4,N/A,N/A,N/A,N/A,N/A,E,B,E,B,True,True,False,,0.2
retinamnist_0380,Retinamnist,What type of retinal condition is shown in this fundus image?,Classification,1,B,5,"A,B,C,D,E",0,1,2,3,4,N/A,N/A,N/A,N/A,N/A,A,C,A,C,True,False,False,,0.2
retinamnist_0381,Retinamnist,What type of retinal condition is shown in this fundus image?,Classification,0,A,5,"A,B,C,D,E",0,1,2,3,4,N/A,N/A,N/A,N/A,N/A,A,C,A,C,True,True,False,,0.2
retinamnist_0382,Retinamnist,What type of retinal condition is shown in this fundus image?,Classification,0,A,5,"A,B,C,D,E",0,1,2,3,4,N/A,N/A,N/A,N/A,N/A,A,C,A,C,True,True,False,,0.2
retinamnist_0383,Retinamnist,What type of retinal condition is shown in this fundus image?,Classification,2,C,5,"A,B,C,D,E",0,1,2,3,4,N/A,N/A,N/A,N/A,N/A,E,A,E,A,True,False,False,,0.2
retinamnist_0384,Retinamnist,What type of retinal condition is shown in this fundus image?,Classification,0,A,5,"A,B,C,D,E",0,1,2,3,4,N/A,N/A,N/A,N/A,N/A,C,E,C,E,True,False,False,,0.2
retinamnist_0385,Retinamnist,What type of retinal condition is shown in this fundus image?,Classification,0,A,5,"A,B,C,D,E",0,1,2,3,4,N/A,N/A,N/A,N/A,N/A,E,C,E,C,True,False,False,,0.2
retinamnist_0386,Retinamnist,What type of retinal condition is shown in this fundus image?,Classification,2,C,5,"A,B,C,D,E",0,1,2,3,4,N/A,N/A,N/A,N/A,N/A,B,B,B,B,False,False,False,,0.2
retinamnist_0387,Retinamnist,What type of retinal condition is shown in this fundus image?,Classification,0,A,5,"A,B,C,D,E",0,1,2,3,4,N/A,N/A,N/A,N/A,N/A,D,C,D,C,True,False,False,,0.2
retinamnist_0388,Retinamnist,What type of retinal condition is shown in this fundus image?,Classification,3,D,5,"A,B,C,D,E",0,1,2,3,4,N/A,N/A,N/A,N/A,N/A,C,B,C,B,True,False,False,,0.2
retinamnist_0389,Retinamnist,What type of retinal condition is shown in this fundus image?,Classification,0,A,5,"A,B,C,D,E",0,1,2,3,4,N/A,N/A,N/A,N/A,N/A,B,D,B,D,True,False,False,,0.2
retinamnist_0390,Retinamnist,What type of retinal condition is shown in this fundus image?,Classification,0,A,5,"A,B,C,D,E",0,1,2,3,4,N/A,N/A,N/A,N/A,N/A,E,D,E,D,True,False,False,,0.2
retinamnist_0391,Retinamnist,What type of retinal condition is shown in this fundus image?,Classification,0,A,5,"A,B,C,D,E",0,1,2,3,4,N/A,N/A,N/A,N/A,N/A,A,C,A,C,True,True,False,,0.2
retinamnist_0392,Retinamnist,What type of retinal condition is shown in this fundus image?,Classification,0,A,5,"A,B,C,D,E",0,1,2,3,4,N/A,N/A,N/A,N/A,N/A,B,C,B,C,True,False,False,,0.2
retinamnist_0393,Retinamnist,What type of retinal condition is shown in this fundus image?,Classification,4,E,5,"A,B,C,D,E",0,1,2,3,4,N/A,N/A,N/A,N/A,N/A,E,D,E,D,True,True,False,,0.2
retinamnist_0394,Retinamnist,What type of retinal condition is shown in this fundus image?,Classification,2,C,5,"A,B,C,D,E",0,1,2,3,4,N/A,N/A,N/A,N/A,N/A,A,C,A,C,True,False,True,,0.2
retinamnist_0395,Retinamnist,What type of retinal condition is shown in this fundus image?,Classification,2,C,5,"A,B,C,D,E",0,1,2,3,4,N/A,N/A,N/A,N/A,N/A,E,A,E,A,True,False,False,,0.2
retinamnist_0396,Retinamnist,What type of retinal condition is shown in this fundus image?,Classification,0,A,5,"A,B,C,D,E",0,1,2,3,4,N/A,N/A,N/A,N/A,N/A,E,D,E,D,True,False,False,,0.2
retinamnist_0398,Retinamnist,What type of retinal condition is shown in this fundus image?,Classification,0,A,5,"A,B,C,D,E",0,1,2,3,4,N/A,N/A,N/A,N/A,N/A,D,E,D,E,True,False,False,,0.2
retinamnist_0397,Retinamnist,What type of retinal condition is shown in this fundus image?,Classification,2,C,5,"A,B,C,D,E",0,1,2,3,4,N/A,N/A,N/A,N/A,N/A,A,B,A,B,True,False,False,,0.2
retinamnist_0399,Retinamnist,What type of retinal condition is shown in this fundus image?,Classification,4,E,5,"A,B,C,D,E",0,1,2,3,4,N/A,N/A,N/A,N/A,N/A,D,C,D,C,True,False,False,,0.2
